,username,retweet,Like,Reply
0,hiakkaya,30.871286392211914,239.2376251220703,6.0
1,unifarm_,5.648648738861084,18.486486434936523,1.9189189672470093
